{
  "_generated": "2026-04-01T15:15:13",
  "_source": "11150大渡河智能体.json",
  "_description": "初始工况（水轮机出力、闸门开度、边界条件）",
  "turbine_flows": {
    "深溪沟水轮机1": 0.0,
    "深溪沟水轮机2": 0.0,
    "深溪沟水轮机3": 79.0,
    "深溪沟水轮机4": 0.0,
    "瀑布沟水轮机1": 334.0,
    "瀑布沟水轮机2": 0.0,
    "瀑布沟水轮机3": 13.75,
    "瀑布沟水轮机4": 0.0,
    "瀑布沟水轮机5": 0.0,
    "瀑布沟水轮机6": 17.379,
    "沙坪坝水轮机1": 35.328,
    "沙坪坝水轮机2": 0.098875,
    "沙坪坝水轮机3": 0.098875,
    "沙坪坝水轮机4": 0.033875,
    "沙坪坝水轮机5": 0.0,
    "沙坪坝水轮机6": 31.238,
    "枕头坝水轮机1": 0.6764,
    "枕头坝水轮机2": 109.98,
    "枕头坝水轮机3": 1.1595,
    "枕头坝水轮机4": 1.2404
  },
  "gate_openings": {
    "瀑布闸1": 0.0,
    "瀑布闸2": 0.0,
    "瀑布闸3": 0.0,
    "深溪闸1": 0.0,
    "深溪闸2": 0.0,
    "深溪闸3": 0.0,
    "枕头闸1": 0.0,
    "枕头闸2": 0.0,
    "枕头闸3": 0.0,
    "枕头闸4": 0.0,
    "枕头闸5": 0.0,
    "沙坪闸1": 0.0,
    "沙坪闸2": 0.0,
    "沙坪闸3": 0.0,
    "沙坪闸4": 0.0,
    "沙坪闸5": 0.0
  },
  "boundaries": {
    "石棉入流": 334.0,
    "沙坪后": 534.67
  }
}