{
  "_generated": "2026-04-01T15:15:13",
  "_source": "11150大渡河智能体.json",
  "_description": "完整节点+河段拓扑",
  "nodes": {
    "沙坪前": {
      "zb": 500.0,
      "Amin": 22500.0,
      "node_type": 0,
      "x": 103.207704581,
      "y": 29.238445461
    },
    "深溪沟前": {
      "zb": 600.0,
      "Amin": 22500.0,
      "node_type": 0,
      "x": 102.931876679,
      "y": 29.301062775
    },
    "深溪沟后": {
      "zb": 600.0,
      "Amin": 22500.0,
      "node_type": 0,
      "x": 102.934331615,
      "y": 29.302421761
    },
    "石棉入流": {
      "zb": 810.0,
      "Amin": 250000.0,
      "node_type": 2,
      "x": 102.346094658,
      "y": 29.226466396
    },
    "瀑布沟前": {
      "zb": 650.0,
      "Amin": 250000.0,
      "node_type": 0,
      "x": 102.838770725,
      "y": 29.211680632
    },
    "瀑布沟后": {
      "zb": 650.0,
      "Amin": 22500.0,
      "node_type": 0,
      "x": 102.843847434,
      "y": 29.209582549
    },
    "枕头坝前": {
      "zb": 570.0,
      "Amin": 22500.0,
      "node_type": 0,
      "x": 103.043665459,
      "y": 29.236426017
    },
    "枕头坝后": {
      "zb": 570.0,
      "Amin": 22500.0,
      "node_type": 0,
      "x": 103.046358737,
      "y": 29.235925338
    },
    "沙坪后": {
      "zb": 500.0,
      "Amin": 22500.0,
      "node_type": 1,
      "x": 103.209873504,
      "y": 29.236395061
    }
  },
  "channels": {
    "sxg-ztb": {
      "node1": "深溪沟后",
      "node2": "枕头坝前",
      "manning_n": 0.015,
      "n_sections": 15,
      "section_names": [
        "SZ1",
        "SZ2",
        "SZ4",
        "SZ5",
        "SZ6",
        "SZ7",
        "SZ8",
        "SZ9",
        "SZ11",
        "SZ12",
        "SZ13",
        "SZ14",
        "SZ16",
        "SZ17",
        "SZ18"
      ]
    },
    "pbg-sxg": {
      "node1": "瀑布沟后",
      "node2": "深溪沟前",
      "manning_n": 0.015,
      "n_sections": 18,
      "section_names": [
        "PS1",
        "PS2",
        "PS3",
        "PS4",
        "PS5",
        "PS6",
        "PS8",
        "PS10",
        "PS12",
        "PS13",
        "PS14",
        "PS15",
        "PS16",
        "PS17",
        "PS19",
        "PS21",
        "PS23",
        "PS24"
      ]
    },
    "sm-pbg": {
      "node1": "石棉入流",
      "node2": "瀑布沟前",
      "manning_n": 0.015,
      "n_sections": 50,
      "section_names": [
        "DM1",
        "DM3",
        "DM5",
        "DM6",
        "SP7",
        "SP9",
        "SP10",
        "SP11",
        "SP12",
        "SP13",
        "SP16",
        "SP19",
        "SP20",
        "SP21",
        "SP22",
        "SP23",
        "SP24",
        "SP25",
        "SP26",
        "SP27",
        "SP28",
        "SP30",
        "SP31",
        "SP32",
        "SP33",
        "SP34",
        "SP36",
        "SP38",
        "SP39",
        "SP40",
        "SP41",
        "SP42",
        "SP43",
        "SP45",
        "SP46",
        "SP47",
        "SP48",
        "SP49",
        "SP53",
        "SP54",
        "SP55",
        "SP56",
        "SP57",
        "SP59",
        "SP60",
        "SP65",
        "SP68",
        "SP69",
        "SP70",
        "SP71"
      ]
    },
    "ztb-sp": {
      "node1": "枕头坝后",
      "node2": "沙坪前",
      "manning_n": 0.015,
      "n_sections": 30,
      "section_names": [
        "ZS1",
        "ZS2",
        "ZS3",
        "ZS4",
        "ZS5",
        "ZS6",
        "ZS7",
        "ZS8",
        "ZS9",
        "ZS10",
        "ZS11",
        "ZS12",
        "ZS13",
        "ZS14",
        "ZS15",
        "ZS16",
        "ZS17",
        "ZS18",
        "ZS19",
        "ZS20",
        "ZS21",
        "ZS22",
        "ZS23",
        "ZS24",
        "ZS25",
        "ZS26",
        "ZS27",
        "ZS28",
        "ZS29",
        "ZS30"
      ]
    }
  }
}