{
  "NSE": -28.31051199960032,
  "RMSE": 23.140180423010815,
  "R2": 0.40147418661957174,
  "Bias_pct": -99.7749308345474,
  "n_samples": 30
}