{
  "_generated": "2026-04-12T17:45:44",
  "_source": "model_1774167795264wxq.json",
  "_description": "完整节点+河段拓扑",
  "nodes": {
    "归流河倒虹吸出口闸前": {
      "zb": 315.93,
      "Amin": 7.84,
      "node_type": 0,
      "x": 122.62264092,
      "y": 46.622757988
    },
    "归流河倒虹吸出口闸后": {
      "zb": 315.93,
      "Amin": 7.84,
      "node_type": 0,
      "x": 122.619693669,
      "y": 46.616505121
    },
    "无压隧洞#5尾": {
      "zb": 292.46,
      "Amin": 11.56,
      "node_type": 0,
      "x": 122.602672063,
      "y": 46.577825477
    },
    "洮儿河倒虹吸出口闸前": {
      "zb": 322.8,
      "Amin": 14.8996,
      "node_type": 0,
      "x": 122.635219962,
      "y": 46.671648953
    },
    "洮儿河倒虹吸出口闸后": {
      "zb": 322.8,
      "Amin": 11.56,
      "node_type": 0,
      "x": 122.634838617,
      "y": 46.669837581
    },
    "无压隧洞#3尾": {
      "zb": 321.63,
      "Amin": 11.56,
      "node_type": 0,
      "x": 122.633383791,
      "y": 46.662146148
    },
    "民生嘎查暗渠尾": {
      "zb": 321.3,
      "Amin": 9.61,
      "node_type": 0,
      "x": 122.632563192,
      "y": 46.657243478
    },
    "无压隧洞#4尾": {
      "zb": 320.03,
      "Amin": 7.84,
      "node_type": 0,
      "x": 122.625682398,
      "y": 46.63172029
    },
    "蛟流河顶管尾": {
      "zb": 291.56,
      "Amin": 11.56,
      "node_type": 0,
      "x": 122.589159512,
      "y": 46.54885044
    },
    "特默河暗涵后": {
      "zb": 343.12,
      "Amin": 15.21,
      "node_type": 0,
      "x": 122.647167521,
      "y": 46.712657974
    },
    "洮儿河倒虹吸进口闸前": {
      "zb": 323.62,
      "Amin": 14.8996,
      "node_type": 0,
      "x": 122.636381642,
      "y": 46.678015449
    },
    "文得根水库": {
      "zb": 346.55,
      "Amin": 15.21,
      "node_type": 2,
      "x": 122.652956704,
      "y": 46.750970746
    },
    "特默河暗涵前": {
      "zb": 343.54,
      "Amin": 15.21,
      "node_type": 0,
      "x": 122.650194432,
      "y": 46.726517834
    },
    "无压隧洞#6尾": {
      "zb": 280.4,
      "Amin": 11.56,
      "node_type": 1,
      "x": 122.558222904,
      "y": 46.481678493
    }
  },
  "channels": {
    "无压隧洞#3": {
      "node1": "洮儿河倒虹吸出口闸后",
      "node2": "无压隧洞#3尾",
      "manning_n": 0.01513,
      "n_sections": 2,
      "section_names": [
        "无压隧洞#3-1",
        "无压隧洞#3-2"
      ]
    },
    "无压隧洞#4": {
      "node1": "民生嘎查暗渠尾",
      "node2": "无压隧洞#4尾",
      "manning_n": 0.01354,
      "n_sections": 2,
      "section_names": [
        "无压隧洞#4-1",
        "无压隧洞#4-2"
      ]
    },
    "无压隧洞#5": {
      "node1": "归流河倒虹吸出口闸后",
      "node2": "无压隧洞#5尾",
      "manning_n": 0.014045,
      "n_sections": 2,
      "section_names": [
        "无压隧洞#5-1",
        "无压隧洞#5-2"
      ]
    },
    "无压隧洞#1": {
      "node1": "文得根水库",
      "node2": "特默河暗涵前",
      "manning_n": 0.01402,
      "n_sections": 2,
      "section_names": [
        "无压隧洞#1-1",
        "无压隧洞#1-2"
      ]
    },
    "特默河暗涵": {
      "node1": "特默河暗涵前",
      "node2": "特默河暗涵后",
      "manning_n": 0.01403,
      "n_sections": 2,
      "section_names": [
        "特莫河暗涵-1",
        "特默河暗涵-2"
      ]
    },
    "无压隧洞#2": {
      "node1": "特默河暗涵后",
      "node2": "洮儿河倒虹吸进口闸前",
      "manning_n": 0.014005,
      "n_sections": 2,
      "section_names": [
        "无压隧洞#2-1",
        "无压隧洞#2-2"
      ]
    },
    "无压隧洞#6": {
      "node1": "蛟流河顶管尾",
      "node2": "无压隧洞#6尾",
      "manning_n": 0.01409,
      "n_sections": 2,
      "section_names": [
        "无压隧洞#6-1",
        "无压隧洞#6-2"
      ]
    },
    "蛟流河顶管": {
      "node1": "无压隧洞#5尾",
      "node2": "蛟流河顶管尾",
      "manning_n": 0.0219,
      "n_sections": 2,
      "section_names": [
        "蛟流河顶管-1",
        "蛟流河顶管-2"
      ]
    },
    "民生嘎查暗渠": {
      "node1": "无压隧洞#3尾",
      "node2": "民生嘎查暗渠尾",
      "manning_n": 0.01416,
      "n_sections": 2,
      "section_names": [
        "民生嘎查暗渠-1",
        "民生嘎查暗渠-2"
      ]
    }
  }
}